,id,name,danceability,energy,valence,tempo,loudness,mode,key,acousticness,instrumentalness,liveness,speechiness,duration_ms,popularity,count
0,85410,Billy Joe Royal,0.607666667,0.5215,0.7909999999999999,103.1005,-10.9395,1,5,0.523,1.58e-06,0.24911666699999999,0.073716667,178820.1667,29.33333333,12
1,580058,Aaron Tippin,0.652454545,0.648272727,0.594545455,113.97227269999999,-8.830818182,1,6,0.199845455,5.3200000000000006e-05,0.15897272699999998,0.030009091,198106.7273,43.0,22
2,257787,Little Big Town,0.569172414,0.657413793,0.507103448,128.7976552,-6.2014137929999995,1,9,0.337786207,3.76e-05,0.22748275899999998,0.034627586,234959.7586,56.34482759,29
3,484880,Sugarland,0.54796875,0.7230625,0.4983125,123.718125,-4.39696875,1,1,0.22982249999999999,2.54e-05,0.14225625,0.04775,233768.0,49.28125,32
4,610880,Brad Paisley,0.538842105,0.676042105,0.515894737,123.55914740000001,-7.191705262999999,1,9,0.269933474,0.0034405,0.212347368,0.036472632000000005,255381.4947,50.66315789,95
5,807869,Joe Nichols,0.5568333329999999,0.7115,0.507166667,127.66583329999999,-5.575416667000001,1,2,0.15691833300000002,0.000126914,0.25355,0.04935,210497.75,52.83333333,24
6,825883,Dierks Bentley,0.547161765,0.7374264709999999,0.526617647,127.1541618,-5.898691176,1,5,0.16128991199999998,0.00711339,0.199789706,0.042667647,222355.4118,53.08823529,68
7,868174,Rascal Flatts,0.5307731960000001,0.72571134,0.441742268,122.23940209999999,-5.308268041,1,2,0.210048454,1.3800000000000002e-05,0.16356494800000002,0.038331959,241142.1443,51.29896907,97
8,20760,Shelby Lynne,0.3645,0.205,0.17300000000000001,106.29700000000001,-11.379000000000001,1,9,0.8759999999999999,0.0,0.10435,0.04795,257053.5,1.0,4
9,791483,Dwight Yoakam,0.608336449,0.653168224,0.675121495,131.0743645,-8.862878505,1,9,0.204796056,0.042398868,0.137323364,0.041945794,208897.3551,38.24299065,107
10,1580437,Brett Young,0.590478261,0.57873913,0.47734782600000003,105.3725652,-6.661652173999999,1,10,0.277956522,0.0,0.091291304,0.034378261,211962.3043,65.13043478,23
11,936206,Alabama,0.550579439,0.471923364,0.549300935,116.422229,-12.20866355,1,7,0.26335953300000003,0.0008672080000000001,0.231711215,0.039712617,243665.3271,36.07009346,214
12,21008,Trick Pony,0.484,0.905,0.767,182.058,-3.9930000000000003,1,10,0.0936,0.0,0.28600000000000003,0.135,172000.0,44.0,2
13,21292,Shenandoah,0.63,0.5705625,0.6225625,106.1663125,-10.0956875,1,10,0.437625,1.51e-06,0.1181375,0.027275,210165.1875,41.0,32
14,50967,The Lost Trailers,0.442,0.9209999999999999,0.601,178.12400000000002,-2.344,1,2,0.259,0.0,0.163,0.0635,190813.0,46.0,2
15,76561,Billy Ray Cyrus,0.6874736840000001,0.49110526299999996,0.588526316,123.8082632,-10.15715789,1,7,0.189368421,1.39e-05,0.153357895,0.049884211,204111.5263,52.57894737,19
16,184199,Emerson Drive,0.4825,0.8540000000000001,0.6345,130.695,-4.585,1,2,0.2405,0.0,0.22935,0.0896,172933.5,41.5,4
17,212006,Ricochet,0.586666667,0.49066666700000006,0.579333333,125.931,-8.329,1,7,0.5870000000000001,0.0,0.1804,0.0321,162656.3333,33.33333333,6
18,254827,Diamond Rio,0.620111111,0.544481481,0.48144444399999997,133.8392222,-7.986185185,1,0,0.510244444,6.54e-07,0.184696296,0.033511111,211561.96300000002,39.22222222,54
19,266151,Little Texas,0.615142857,0.679285714,0.701,127.86057140000001,-9.104142857000001,1,4,0.1973,5.16e-06,0.203657143,0.030485714,239064.7143,44.0,14
20,281254,Lonestar,0.5607,0.64755,0.4725,127.26955,-6.44695,1,5,0.25031,6.65e-08,0.163995,0.036175,225787.9,47.35,40
21,318882,Jason Aldean,0.53884127,0.7349603170000001,0.492674603,137.08934130000003,-4.862706349,1,7,0.154340952,5.5100000000000004e-05,0.167595238,0.040268253999999996,218984.9921,54.53174603,126
22,340446,McBride & the Ride,0.625,0.401,0.429,105.344,-12.127,1,7,0.381,0.0,0.0917,0.024,198827.0,35.0,2
23,393789,Restless Heart,0.6795,0.452166667,0.49700000000000005,117.38433329999998,-12.04433333,1,9,0.297216667,3.59e-06,0.1136,0.027683332999999997,236613.3333,43.66666667,12
24,399733,Nickel Creek,0.4898,0.3937,0.455,140.3118,-12.3949,1,9,0.5779,0.057963775,0.12061,0.03501,248332.0,38.7,20
25,502198,Luke Bryan,0.572710526,0.808508772,0.583807018,130.7774561,-4.224157895,1,8,0.138175,0.000866068,0.170204386,0.048623684,217632.5351,58.5,114
26,510805,Toby Keith,0.622652542,0.764135593,0.6275423729999999,124.98994920000001,-5.476915254,1,7,0.26343220300000003,0.001294363,0.212182203,0.04291525400000001,214992.2797,48.97457627,118
27,522768,Brooks & Dunn,0.634668831,0.701935065,0.645798701,127.4980649,-7.025707792,1,9,0.19522513,0.000367927,0.225884416,0.035923377,223555.8117,44.25324675,154
28,573100,Daryle Singletary,0.5738,0.6002,0.4362,121.7334,-6.9852,1,4,0.14714000000000002,8.120000000000001e-05,0.2372,0.03622,192247.0,43.0,10
29,592954,Tim McGraw,0.533042857,0.6746357140000001,0.524821429,127.36688570000001,-6.9161785710000006,1,7,0.225721714,9.6e-06,0.17594357100000002,0.032600713999999996,235671.0714,51.67857143,140
30,627787,Jamey Johnson,0.56652381,0.550428571,0.43441428600000004,117.94509520000001,-7.901190476,1,2,0.22920285699999998,0.028916236,0.233619048,0.039280952,249526.38100000002,47.76190476,42
31,681171,Highway 101,0.6222,0.5046,0.7058,142.6846,-12.5514,1,10,0.209,1.57e-05,0.23006,0.03438,195002.8,32.2,10
32,762821,Big & Rich,0.5644583329999999,0.836833333,0.596,132.563125,-3.173916667,1,0,0.11697083300000001,7.83e-07,0.26316666699999997,0.083425,231765.1667,49.70833333,24
33,798248,Garth Brooks,0.6677,0.5466,0.6991,125.5624,-7.6424,1,9,0.4897,3.74e-07,0.26471,0.06885,173878.7,47.7,10
34,811897,John Michael Montgomery,0.620727273,0.58430303,0.528666667,128.7517273,-8.697060606,1,8,0.270830303,1.39e-05,0.202854545,0.044569697,214877.5758,51.696969700000004,33
35,837985,Sawyer Brown,0.5938,0.6036,0.746133333,131.2375333,-10.29386667,1,7,0.333044667,0.000541014,0.13504666699999998,0.0334,191610.6667,39.93333333,30
36,926108,Montgomery Gentry,0.584538462,0.7525384620000001,0.535076923,124.5018077,-6.693730769,1,7,0.080615769,0.000118415,0.203111538,0.036869231,236481.4615,46.0,52
37,939565,Bryan White,0.491333333,0.42566666700000005,0.388166667,123.9445,-9.645666667,1,7,0.330416667,1.73e-07,0.114216667,0.030333332999999997,223753.1667,42.66666667,12
38,1379627,Chris Young,0.558852459,0.6834590159999999,0.493721311,117.18778689999999,-5.309065574,1,7,0.306218967,0.00014722700000000002,0.157098361,0.036585246,197498.2459,54.01639344,61
39,2690165,Tyler Farr,0.5101111110000001,0.777333333,0.551888889,134.8407778,-4.450555556,1,7,0.109344444,8.2e-06,0.136888889,0.037711111,193120.0,57.66666667,9
40,605375,Alan Jackson,0.631982833,0.532313305,0.581227468,124.43513300000001,-9.479321888,1,7,0.324598712,0.004498584,0.16933991399999998,0.03096309,210317.5708,44.73819742,233
41,11052,Tracy Byrd,0.643444444,0.7012222220000001,0.7505111109999999,124.16277779999999,-7.976444444,1,2,0.254926667,8.640000000000001e-05,0.140522222,0.030633333,194499.5556,53.44444444,18
42,68551,Kenny Chesney,0.613157407,0.637194444,0.507143519,127.1594306,-7.817361111,1,7,0.20129740699999998,0.002230684,0.18599074100000001,0.039343519,238033.66199999998,49.78703704,216
43,81619,Keith Urban,0.5914196429999999,0.7104375,0.573428571,120.4862054,-6.487955357000001,1,2,0.205300714,8.31e-05,0.1304375,0.039923214,246120.0089,52.07142857,112
44,81739,Billy Currington,0.644444444,0.721592593,0.5994074070000001,119.63344440000002,-4.364740741,1,5,0.191687037,6.759999999999999e-05,0.144840741,0.034011111000000004,214275.5556,54.77777778,54
45,118791,LeAnn Rimes,0.551625,0.558375,0.3796875,114.194375,-7.635125,1,2,0.36569375,2.6899999999999997e-05,0.11243125,0.03266875,233930.875,51.3125,32
46,124881,Craig Morgan,0.539166667,0.6729999999999999,0.43741666700000004,118.02133329999998,-5.2445833330000005,1,8,0.29086666699999997,1.29e-06,0.134575,0.039283333,224597.8333,52.0,24
47,161808,Shania Twain,0.639883495,0.677825243,0.6955145629999999,122.0255631,-6.701106796,1,10,0.23985145600000002,1.2e-05,0.209124272,0.040403883,229184.7767,50.04854369,103
48,194063,Lee Ann Womack,0.46430769200000005,0.535,0.384538462,130.0215385,-8.299846153999999,1,3,0.317030769,5.16e-05,0.151830769,0.030353846,245356.0,45.53846154,13
49,283405,Mark Chesnutt,0.575306122,0.584795918,0.670285714,130.8136122,-11.22591837,1,2,0.217089796,0.000144595,0.18137551,0.031797959,195435.10199999998,41.91836735,49
50,334041,Mark Wills,0.563111111,0.47922222200000003,0.364777778,114.448,-9.056888889,1,5,0.28751111100000004,0.0,0.109955556,0.031144444,223663.7778,43.77777778,18
51,342004,Phil Vassar,0.607,0.775375,0.6915,122.645875,-5.231625,1,2,0.244925,0.0,0.2335875,0.0314,219694.875,44.375,16
52,481827,The Tractors,0.573,0.946,0.9640000000000001,79.96600000000001,-6.178,1,5,0.165,0.00028,0.13,0.0369,236467.0,52.0,2
53,659299,Gary Allan,0.5168,0.64208,0.41823999999999995,128.37223999999998,-7.2011199999999995,1,6,0.2579936,0.00036135,0.141728,0.042516000000000005,218477.96,45.16,50
54,812239,Wade Bowen,0.52425,0.68325,0.4685,116.29,-5.49275,1,7,0.0764075,5.18e-05,0.337,0.029575,284883.0,46.25,8
55,861252,Carrie Underwood,0.510642857,0.751392857,0.406240476,126.8279881,-3.7050714289999997,1,5,0.224714048,2.63e-06,0.138035714,0.052865475999999995,227848.0595,54.16666667,84
56,2468217,Logan Mize,0.573333333,0.735,0.607666667,135.303,-5.324,1,5,0.094833333,0.0,0.212,0.08776666699999999,216534.0,57.66666667,6
57,2942900,Florida Georgia Line,0.510132743,0.870132743,0.643318584,139.67339819999998,-4.017699115,1,10,0.11790401800000001,7.4e-05,0.213202655,0.044258407,204642.1593,58.10619469,113
58,3455720,Chris Lane,0.527909091,0.794545455,0.5807272729999999,143.2396364,-4.450272727,1,11,0.212472727,0.0,0.1887,0.047845455,204020.8182,68.27272727,11
59,566448,Justin Townes Earle,0.532333333,0.586666667,0.571666667,122.70299999999999,-8.886000000000001,1,7,0.262766667,0.000230767,0.078533333,0.044466667,173497.6667,50.0,6
60,927795,Tift Merritt,0.509,0.31,0.22699999999999998,80.529,-11.033,1,2,0.85,0.000268,0.102,0.0404,284960.0,53.0,2
61,745071,Alison Krauss,0.573952381,0.353,0.422809524,116.27178570000001,-11.06640476,1,2,0.67007619,0.087855678,0.166416667,0.038138095,230227.0,45.38095238,42
62,472735,Rhonda Vincent,0.5820000000000001,0.679,0.7909999999999999,116.155,-5.268,1,0,0.593,2.48e-05,0.14,0.0298,196000.0,38.0,2
63,618726,The Infamous Stringdusters,0.61,0.493,0.387,132.224,-7.332000000000001,0,11,0.621,0.000551,0.128,0.0284,298148.0,48.0,2
64,2061191,The SteelDrivers,0.5359375,0.618625,0.667875,136.6365,-6.2179375,1,9,0.6731875,0.015719706,0.15833125,0.03590625,230673.25,48.1875,32
65,162269,Faith Hill,0.533741379,0.601551724,0.4769,132.74234479999998,-7.696017241,1,7,0.300544828,1.18e-05,0.172596552,0.032668966,224760.7414,48.37931034,58
66,495861,Mindy McCready,0.566857143,0.73,0.563428571,154.7915714,-5.840857142999999,1,6,0.19054285699999998,8.94e-06,0.194571429,0.035785713999999996,193817.2857,43.0,7
67,57840,B.J. Thomas,0.5318,0.4552,0.6532,114.762,-11.4222,1,5,0.5796,0.00023080000000000003,0.1712,0.03588,188325.4,46.0,10
68,664378,Glen Campbell,0.46430701799999996,0.47472807,0.543385965,118.82561399999999,-10.58187719,1,7,0.40188473700000005,0.00633441,0.17813157899999998,0.04069386,176048.807,32.01754386,114
69,490549,Anne Murray,0.524384615,0.413769231,0.427880769,110.88442309999999,-10.70434615,1,9,0.405121154,0.000320905,0.125296154,0.029503846,195976.8846,41.88461538,52
70,19241,Patty Loveless,0.5748,0.48,0.5994,133.03115,-10.757,1,11,0.35036,0.00053033,0.13883,0.034480000000000004,221270.95,42.85,20
71,270060,Marie Osmond,0.527,0.34866666700000004,0.5063333329999999,114.818,-12.446,1,10,0.47,5.41e-06,0.1824,0.031066667000000003,196822.3333,44.66666667,6
72,286115,Lorrie Morgan,0.6311739129999999,0.47104347799999996,0.630695652,131.2023913,-11.04873913,1,7,0.407330435,3.84e-05,0.14333478300000002,0.030847826000000002,207317.2609,37.60869565,23
73,362437,Kathy Mattea,0.613,0.447153846,0.647307692,113.2189231,-13.43638462,1,7,0.487523077,2.33e-05,0.132607692,0.0368,210572.2308,35.76923077,13
74,749476,Trisha Yearwood,0.6430526320000001,0.510736842,0.5100526320000001,115.75036840000001,-8.790684211,1,0,0.5638368420000001,0.000143435,0.12884736800000002,0.029263157999999997,215810.5789,44.26315789,38
75,753237,Suzy Bogguss,0.62825,0.49925,0.44375,125.7435,-9.057,1,7,0.4395,2.15e-05,0.133525,0.0279,229243.25,33.0,8
76,858375,Mary Chapin Carpenter,0.626729167,0.6810625,0.7457625,132.4565208,-7.810166667000001,1,9,0.539145833,0.009849476999999999,0.11858125,0.040495832999999995,228278.9792,35.95833333,48
77,245039,Vassar Clements,0.542,0.453666667,0.907,131.735,-16.429000000000002,1,7,0.439333333,0.044969999999999996,0.2475,0.032,216110.6667,23.66666667,3
78,622379,Asleep at the Wheel,0.6868,0.5326,0.8018,136.0052,-11.2454,1,4,0.3072,0.000462444,0.3465,0.0527,190088.2,27.8,10
79,176148,Riders in the Sky,0.9009999999999999,0.4085,0.7955,105.779,-9.5995,1,2,0.6595,0.0002355,0.1038,0.05265,113666.5,39.0,4
80,944084,George Strait,0.624835681,0.484185446,0.563316901,122.67921129999999,-11.66871831,1,9,0.324950704,0.004746328,0.183237793,0.031178169,186386.8944,40.73943662,426
81,46214,Aunt Molly Jackson,0.639,0.0255,0.635,58.66,-20.47,1,8,0.955,2.97e-05,0.146,0.0985,161200.0,7.0,1
82,196690,Lee Greenwood,0.4442,0.3682,0.3574,112.1411,-12.2891,1,5,0.35165,1.1e-06,0.12379000000000001,0.03152,182152.1,37.0,20
83,788569,Barbara Mandrell,0.6305789470000001,0.589105263,0.7254210529999999,115.80184209999999,-9.941421053,1,0,0.441005263,1.9399999999999997e-05,0.165115789,0.052568421,158849.8421,32.73684211,19
84,86312,The Judds,0.7175909090000001,0.35797272700000005,0.519181818,131.62472730000002,-12.43709091,1,11,0.406545455,8.83e-06,0.101772727,0.035959091,222320.0455,36.63636364,44
85,90079,Chely Wright,0.6135,0.5579999999999999,0.752,155.1145,-8.863,1,6,0.3975,1.74e-05,0.0589,0.03515,213593.5,43.0,4
86,210512,Janie Fricke,0.549444444,0.332777778,0.548333333,121.05044440000002,-14.58955556,1,11,0.705555556,0.000135424,0.1112,0.037522222,187614.8889,29.77777778,18
87,227088,Deana Carter,0.617833333,0.523166667,0.38683333299999995,109.305,-6.1791666670000005,1,5,0.366833333,1.9e-07,0.15261666699999998,0.0269,238713.1667,47.33333333,12
88,409968,Reba McEntire,0.55742268,0.431973196,0.41830721600000004,122.4233402,-10.85853608,1,2,0.410213402,1.65e-06,0.12692577300000002,0.036350515,219734.0,39.57731959,97
89,3237096,Mickey Guyton,0.526,0.5660000000000001,0.13699999999999998,86.899,-5.075,1,11,0.536,0.0,0.10800000000000001,0.0395,210199.0,68.0,2
90,76788,Cowboy Troy,0.7090000000000001,0.948,0.679,128.05100000000002,-3.388,0,11,0.0728,0.0,0.214,0.0992,196812.0,43.0,1
91,196976,Gretchen Wilson,0.531,0.762857143,0.6384285710000001,148.53257140000002,-4.843,1,0,0.165228571,2.9e-06,0.431571429,0.07745714299999999,215001.8571,51.28571429,14
92,81083,Bill Monroe,0.584875,0.407125,0.78675,134.24975,-12.34325,1,9,0.85725,0.27421875,0.25175,0.0400875,163910.125,18.0,16
93,45057,The Louvin Brothers,0.595129032,0.292883871,0.675258065,122.3467419,-11.11554839,1,9,0.698935484,8.159999999999999e-07,0.162496774,0.03253871,160411.5806,15.5483871,62
94,64199,Jimmy Martin,0.587333333,0.721666667,0.904333333,111.36666670000001,-6.481666667000001,1,9,0.538333333,5.86e-06,0.201,0.035133332999999996,176297.6667,24.66666667,6
95,69805,Bill Keith,0.46799999999999997,0.6005,0.7215,121.5585,-14.0345,1,2,0.426,0.89,0.203,0.04245,129000.0,23.0,4
96,87113,The Jordanaires,0.471061224,0.161767347,0.52122449,109.5682653,-17.6522449,1,10,0.8513265309999999,5.8200000000000005e-05,0.17557551,0.044420408,151050.89800000002,29.51020408,98
97,94205,Chet Atkins,0.651482759,0.323689655,0.569,110.20962069999999,-14.502793099999998,1,0,0.7693448279999999,0.71082069,0.11422758599999999,0.040651724,179332.3793,25.68965517,29
98,96944,Chris Hillman,0.6,0.82,0.9359999999999999,83.73100000000001,-6.437,1,11,0.161,0.000327,0.10400000000000001,0.0331,195693.0,39.0,2
99,129254,The Grascals,0.59,0.5870000000000001,0.623,137.97299999999998,-7.345,1,7,0.76,1.06e-05,0.5379999999999999,0.0355,171027.0,39.0,2
100,130855,Tony Rice,0.526413793,0.403193103,0.761034483,120.90010339999999,-15.79275862,1,7,0.632862069,0.330579545,0.16789310300000002,0.034144827999999995,200872.5862,28.51724138,29
101,136640,Tammy Wynette,0.540557143,0.294128571,0.49348571399999996,103.84255,-12.53253571,1,9,0.724814286,0.001129496,0.15862,0.032217143,162417.8643,28.03571429,140
102,139709,The Country Gentlemen,0.6609999999999999,0.46,0.8909999999999999,116.68700000000001,-10.545,1,11,0.6459999999999999,0.0059299999999999995,0.0913,0.0347,190667.0,33.0,2
103,146354,The Del McCoury Band,0.49542857100000004,0.526571429,0.524285714,134.84757140000002,-9.689714286000001,1,7,0.38657142899999997,0.16803782899999997,0.289142857,0.104885714,275015.2857,42.71428571,7
104,159699,Emmylou Harris,0.509616883,0.38409350600000003,0.519357143,119.4091753,-12.13240909,1,10,0.540694805,0.011193659,0.18220129899999998,0.035933766,215359.0714,35.74675325,154
105,175286,Dolly Parton,0.576756,0.41144079999999994,0.578124,114.72629199999999,-11.248412,1,2,0.6101024,0.0065768530000000006,0.1782796,0.043718,181239.884,35.7,250
106,227527,Flatt & Scruggs,0.55624359,0.481308974,0.796128205,124.32264099999999,-11.10802564,1,8,0.558820513,0.26804828,0.229514103,0.03535,146539.8205,15.03846154,156
107,234325,Loretta Lynn,0.616191781,0.435353425,0.727767123,117.72494520000001,-10.29226027,1,1,0.67659863,0.000987824,0.142868493,0.042436985999999996,152107.1781,32.68493151,73
108,234488,Del McCoury,0.43,0.28,0.718,185.78799999999998,-14.032,1,0,0.759,1.87e-06,0.138,0.0353,171493.0,23.0,1
109,246022,Merle Travis,0.591766667,0.29144000000000003,0.6738333329999999,135.20833330000002,-12.88213333,1,9,0.825,0.39102860899999997,0.162583333,0.078016667,153734.7,12.2,60
110,269172,Lester Flatt,0.567742424,0.39103030299999997,0.757166667,124.22736359999999,-11.61127273,1,8,0.6746818179999999,0.054457539000000006,0.227145455,0.037413636,151203.3939,10.09090909,66
111,286662,Sam Bush,0.4913,0.5469,0.8168,122.8389,-13.692,1,7,0.4902,0.478671,0.35593,0.03288,253717.4,29.4,10
112,320761,Ricky Skaggs,0.59627451,0.567176471,0.781980392,130.94813729999998,-10.4404902,1,7,0.197639216,0.001984432,0.22010392199999998,0.030552941,197004.902,31.47058824,51
113,322339,Peter Rowan,0.43200000000000005,0.433,0.713,97.257,-11.175999999999998,1,7,0.604,0.0,0.0116,0.0345,361227.0,35.0,2
114,334829,Jim & Jesse,0.637365854,0.56102439,0.847926829,119.0137805,-8.718756098,1,7,0.43995122,8.2e-06,0.34505853700000005,0.035482927000000004,140460.439,14.51219512,41
115,355451,Porter Wagoner,0.557315789,0.400842105,0.681842105,112.7765263,-12.00957895,1,7,0.6047894739999999,2.5300000000000002e-05,0.289842105,0.033810526,153202.8947,27.73684211,19
116,389979,Ralph Stanley,0.568,0.0175,0.502,111.405,-17.732,1,8,0.96,0.0,0.19699999999999998,0.11800000000000001,199600.0,46.0,2
117,391519,New Grass Revival,0.636,0.7438,0.86,104.436,-8.6028,1,4,0.5732,0.17828360000000001,0.2582,0.03632,201368.0,36.2,5
118,461737,Old & In the Way,0.447666667,0.427333333,0.6263333329999999,120.30266670000002,-15.71566667,1,11,0.46399999999999997,0.479,0.709666667,0.037366667,297488.6667,40.33333333,6
119,541760,Dailey & Vincent,0.58925,0.64525,0.75975,120.5815,-6.77,1,11,0.60425,0.00872,0.146875,0.0369,166849.75,24.75,8
120,577720,The Stanley Brothers,0.566588235,0.3465,0.5997058820000001,128.2972941,-12.59111765,1,10,0.539494118,0.110983129,0.173470588,0.036935294,153176.4706,19.94117647,17
121,588918,Yonder Mountain String Band,0.5758,0.5604,0.6579999999999999,128.89700000000002,-9.6132,1,9,0.6684,0.192477022,0.2446,0.057920000000000006,281077.4,42.8,10
122,757251,The Bluegrass Album Band,0.528,0.551,0.9259999999999999,133.87675,-13.913,1,10,0.40675,0.004895,0.1835,0.03475,178110.25,26.25,8
123,778568,J.D. Crowe & the New South,0.5374,0.5626,0.7952,131.3698,-11.639000000000001,1,10,0.7052,0.19236754,0.17868,0.03584,172069.2,24.8,10
124,809396,David Grisman,0.6571428570000001,0.260357143,0.7328571429999999,114.38907140000002,-17.17478571,1,7,0.8069285709999999,0.26531728600000004,0.136742857,0.047257143,274777.7143,32.42857143,28
125,823012,Dillard & Clark,0.512777778,0.335333333,0.517444444,100.4854444,-14.22911111,1,6,0.43672222200000005,0.029526922,0.18178888899999998,0.0335,217773.4444,26.88888889,18
126,838300,June Carter Cash,0.6128947370000001,0.451402105,0.686652632,118.38414740000002,-10.68135789,1,0,0.572107789,0.000798344,0.257195789,0.057630525999999994,163207.0526,20.94736842,95
127,944310,George Jones,0.560083969,0.398629771,0.58990458,110.2770725,-11.88455725,1,7,0.600629771,0.006129246999999999,0.211716412,0.038306489,165777.4046,28.71755725,262
128,767370,Billy Dean,0.551875,0.405,0.501375,142.364375,-11.782875,1,9,0.32975,1.43e-06,0.179225,0.0270875,207468.375,41.875,16
129,33481,Andy Griggs,0.5425,0.5195,0.35175,141.084,-8.2355,1,7,0.1886,3e-06,0.17625,0.0302,215003.25,45.75,8
130,118503,Lacy J. Dalton,0.542,0.326,0.5815,144.442,-12.974,1,7,0.721,0.0,0.2695,0.0325,188606.5,34.0,4
131,72205,Billy Joe Shaver,0.6865,0.559875,0.865,122.502125,-12.27075,1,9,0.2500325,0.034024398,0.119825,0.0395875,173027.75,33.375,16
132,15318,Travis Tritt,0.556241379,0.629241379,0.544057471,118.9815632,-7.208977011,1,7,0.247734483,0.000339236,0.23207126399999997,0.031873563,224987.5862,43.67816092,87
133,34249,Steve Earle,0.5472631579999999,0.565070175,0.682368421,136.0274561,-12.70905263,1,7,0.197326947,0.032350001,0.136008772,0.038077192999999995,217626.193,37.64912281,57
134,98688,Jack Ingram,0.5820000000000001,0.9079999999999999,0.5770000000000001,116.986,-5.641,1,7,0.00040599999999999995,0.0012,0.371,0.0481,210493.0,40.0,2
135,152002,Joe Ely,0.5136666670000001,0.62,0.6196666670000001,114.43299999999999,-9.974333332999999,1,4,0.179966667,0.0008533330000000001,0.186766667,0.055966667000000005,212920.0,34.66666667,6
136,176360,Charlie Robison,0.585571429,0.535857143,0.489285714,128.08,-8.325714286,1,7,0.19571,0.000532857,0.17931428600000002,0.032771429,285190.5714,45.42857143,14
137,218994,John Anderson,0.633912281,0.497647368,0.6797017540000001,127.4512632,-12.97412281,1,9,0.361554386,0.00828606,0.158915789,0.034794737,190553.0526,35.61403509,57
138,245534,Johnny Rodriguez,0.64925,0.33425,0.607,101.72025,-13.28525,1,1,0.67475,0.000108475,0.16105,0.042475,189996.75,28.75,8
139,378041,Marty Stuart,0.6424375,0.6244375,0.7471875,136.943375,-10.8261875,1,7,0.23819125,0.000690246,0.16899375,0.0343875,184723.125,37.5,16
140,759224,Blaze Foley,0.532,0.2195,0.42725,109.04225,-15.308,1,11,0.9,0.011664468,0.1205,0.040125,203763.25,46.0,8
141,845468,Jerry Jeff Walker,0.537970149,0.43094029899999997,0.648880597,126.80197009999999,-13.79685075,1,7,0.36634597,0.070804087,0.196391045,0.043620896,257778.7761,28.79104478,67
142,947752,Hank Williams III,0.6265,0.7500625,0.71075,131.0029375,-6.372875,1,4,0.209188563,0.00019330900000000002,0.3031,0.05885,209950.1875,43.1875,32
143,46814,Blake Shelton,0.559177778,0.710888889,0.5418666670000001,125.22936670000001,-5.748222222000001,1,7,0.15680533300000002,0.000450891,0.19315,0.037528888999999996,218003.7444,55.26666667,90
144,2744416,Pistol Annies,0.5318,0.6224,0.4992,119.9558,-6.0208,1,10,0.201204,6.14e-05,0.26596,0.04384,219581.4,54.2,10
145,69986,Kenny Rogers,0.5556141729999999,0.382689764,0.51116378,129.7809213,-14.31811024,1,7,0.40572519700000004,0.0006692439999999999,0.130058268,0.04666063,218222.2677,45.07086614,127
146,26510,Terry Allen,0.457,0.632,0.8170000000000001,185.28799999999998,-12.243,1,9,0.251,0.0,0.0366,0.106,301440.0,37.0,2
147,278575,Hoyt Axton,0.553666667,0.22399999999999998,0.682666667,123.4913333,-17.465,1,4,0.872,0.0,0.544333333,0.1909,153555.3333,35.33333333,6
148,285272,Rosanne Cash,0.6972173909999999,0.49573913,0.71626087,114.85978259999999,-12.22321739,1,9,0.33890434799999997,8.52e-05,0.16493913,0.055495652,214354.2174,32.91304348,23
149,300583,Junior Brown,0.58425,0.6685,0.78775,128.66725,-9.832,1,4,0.5785,0.2396625,0.21345,0.037525,239316.5,39.75,8
150,307875,Nanci Griffith,0.51675,0.302875,0.526375,126.854125,-14.4255,1,9,0.569875,7.950000000000001e-05,0.1333375,0.03215,264328.5,36.375,16
151,515628,Tom T. Hall,0.588448276,0.411896552,0.800862069,126.80931029999999,-14.70427586,1,7,0.6921724140000001,0.00821427,0.211989655,0.039955172000000004,173536.1034,34.13793103,58
152,543867,Guy Clark,0.62385,0.35384499999999997,0.4426,112.6121,-11.38155,1,0,0.6769,0.000614276,0.12178499999999999,0.058885,221654.65,32.35,40
153,583959,Willie Nelson,0.562986408,0.37410407799999995,0.498713786,115.3286777,-12.91758252,1,2,0.607378796,0.036486832999999996,0.211956699,0.045695728,190564.06600000002,31.80970874,515
154,629609,David Allan Coe,0.57178481,0.448006329,0.618436709,116.463443,-12.45871519,1,7,0.42869746799999997,0.000313137,0.21230126600000002,0.049805063,198849.9557,33.30379747,158
155,636841,Ryan Bingham,0.5534,0.6033,0.45799999999999996,127.9601,-9.2242,1,4,0.27992,0.004802853,0.26235,0.034460000000000005,273431.9,48.7,20
156,756959,Steve Young,0.502,0.28300000000000003,0.33899999999999997,100.8235,-12.504000000000001,1,5,0.62325,4.6e-05,0.137675,0.028475,220846.75,24.5,8
157,774588,Kris Kristofferson,0.566368932,0.353582524,0.524471845,104.16884470000001,-14.79328155,1,0,0.541522136,0.017462738999999998,0.18295534,0.043872815999999995,208897.6117,37.02912621,103
158,806247,Charlie Daniels,0.618416667,0.7065,0.8095416670000001,120.41054170000001,-8.406708333,1,0,0.36775,0.001265943,0.211741667,0.057441667,240224.9167,29.16666667,24
159,3315236,Jackie Lee,0.446,0.759,0.56,170.17,-5.053,1,2,0.0636,0.0,0.098,0.0331,172102.0,54.0,2
160,74970,Bob Wills,0.615705882,0.392088235,0.7463235290000001,127.47008819999999,-10.08123529,1,7,0.671264706,0.056613070999999994,0.22499705899999997,0.057744118,157598.4412,16.82352941,34
161,20403,Tennessee Ernie Ford,0.640071429,0.389346939,0.672471429,129.7547959,-11.52771429,1,7,0.72155102,0.015302047,0.153610204,0.101104082,168525.449,21.13265306,98
162,29334,Slim Whitman,0.518222222,0.254511111,0.5427777779999999,125.65100000000001,-15.35388889,1,2,0.882222222,0.0019281220000000002,0.2091,0.041622222,136939.1111,19.44444444,18
163,98189,Kitty Wells,0.601,0.215,0.601,120.023,-11.254000000000001,1,10,0.732,0.0,0.3225,0.02785,164133.5,44.0,4
164,126903,Cindy Walker,0.231,0.187,0.34,177.923,-14.619000000000002,1,5,0.7440000000000001,8.94e-06,0.365,0.037000000000000005,199933.0,12.0,2
165,143951,Faron Young,0.575833333,0.39983333299999996,0.746166667,132.567,-11.02733333,1,0,0.667666667,0.000120548,0.192033333,0.033533333,142703.6667,43.0,12
166,151431,Roger Miller,0.634375,0.368729167,0.766416667,132.602125,-14.113875,1,11,0.742291667,0.0030506970000000002,0.1677875,0.094816667,129063.125,38.25,48
167,189229,Lee Roy Parnell,0.72325,0.65025,0.71875,117.5745,-10.32575,1,7,0.267,5.1e-05,0.0947,0.0325,235513.0,36.0,8
168,190946,Lefty Frizzell,0.654932127,0.288664253,0.68859276,117.6458959,-12.64204525,1,4,0.746099548,0.005640214,0.161595023,0.035748416,162667.6154,9.954751131,221
169,200791,Waylon Jennings,0.5973056179999999,0.49151146100000004,0.638937978,114.47210109999999,-12.29962697,1,2,0.49300588799999995,0.08540917,0.22347056199999998,0.038269887999999995,178821.5101,30.61797753,445
170,341652,Roy Clark,0.4677,0.5807,0.7125,132.3571,-12.5481,1,0,0.24554179999999998,0.555000284,0.20828000000000002,0.04772,175186.6,24.2,20
171,396676,Randy Travis,0.606648936,0.435087234,0.545989362,120.5429149,-11.42855319,1,2,0.30926383,0.000169811,0.159676596,0.03258617,199922.4681,40.38297872,94
172,409954,Ray Price,0.4563,0.34649,0.582014286,106.5220429,-11.65675714,1,10,0.797057143,0.017995002,0.180967143,0.035648571000000004,179316.1857,19.11428571,140
173,410219,Merle Haggard,0.6523743320000001,0.41247058799999997,0.614502674,112.9729465,-12.648561500000001,1,2,0.515840642,0.016943263,0.184725668,0.043729412,185014.87699999998,33.02139037,187
174,477954,Moe Bandy,0.6235,0.525666667,0.787,124.60116670000001,-11.66425,1,5,0.49408333299999996,3.74e-06,0.163266667,0.041433332999999996,169243.6667,32.66666667,12
175,562030,Hawkshaw Hawkins,0.6555,0.491,0.9565,93.58,-13.5725,1,5,0.82,1.01e-05,0.11635,0.0535,128180.0,19.0,4
176,816890,Johnny Cash,0.619803442,0.449381159,0.6806623190000001,115.0377473,-11.59310417,1,10,0.6856368840000001,0.022646551,0.242242663,0.098216123,162279.2672,26.61413043,1104
177,903609,Jim Reeves,0.46863492100000004,0.225488889,0.414857143,99.42207937,-15.80220635,1,9,0.829095238,0.059362766,0.163847619,0.031534921,153825.9365,33.80952381,63
178,941579,Buck Owens,0.563857143,0.537714286,0.855142857,120.9101429,-7.731714286,1,9,0.401142857,0.000201843,0.125771429,0.031085714,146664.8571,47.57142857,14
179,947816,Hank Thompson,0.591483871,0.48116129,0.7098709679999999,121.6723548,-9.362290323,1,0,0.722193548,8.12e-06,0.15843548400000002,0.049280645,161246.12900000002,13.87096774,31
180,65397,Bobbie Gentry,0.5360714289999999,0.31607142899999996,0.6260476189999999,115.1494048,-14.03809524,1,7,0.681904762,0.007857300000000001,0.106085714,0.046142857,181455.6667,28.28571429,42
181,1433,Pam Tillis,0.5820000000000001,0.665545455,0.5723636360000001,119.21995449999999,-7.807909091,1,9,0.305218182,0.000593207,0.113945455,0.034663636,212133.2273,41.04545455,22
182,132449,Crystal Gayle,0.58075,0.3565875,0.430625,112.9335,-11.89775,1,6,0.6265,0.017499375,0.1618125,0.046525,185060.0,42.625,16
183,738674,Donna Fargo,0.655,0.449,0.488,97.98200000000001,-11.468,1,6,0.35700000000000004,0.0,0.49200000000000005,0.0277,151307.0,41.0,2
184,3256615,Jessie James Decker,0.396,0.8746666670000001,0.448666667,160.2763333,-2.008333333,1,6,0.150333333,0.000176667,0.1041,0.110166667,224946.6667,55.0,3
185,66429,Bobby Bare,0.575880952,0.370333333,0.687761905,112.5544048,-13.50266667,1,2,0.69297619,0.000492952,0.306671429,0.03897381,184511.7619,30.66666667,84
186,118189,Clay Walker,0.602833333,0.650083333,0.565055556,128.3103056,-8.859111111,1,7,0.131742222,5.479999999999999e-05,0.140438889,0.034230556,202519.9444,46.19444444,36
187,294085,Rodney Crowell,0.62925,0.459125,0.584875,122.49225,-12.437875,1,7,0.49625,0.005158945,0.1318625,0.0413875,232915.75,34.875,16
188,746387,Tracy Lawrence,0.626744186,0.54444186,0.48904651200000004,123.2803023,-9.04244186,1,6,0.324646512,0.000584854,0.18472093,0.02794186,200589.81399999998,43.90697674,43
189,188342,Freddy Fender,0.637153846,0.383153846,0.693153846,107.7676923,-9.642307692000001,1,10,0.706,0.023515384,0.231961538,0.041538462000000005,164746.3846,35.0,26
190,13384,Tanya Tucker,0.58719403,0.450492537,0.5847462689999999,103.1448209,-11.77585075,1,10,0.51940597,5.75e-06,0.162319403,0.041074627,199723.9104,35.28358209,67
191,133057,Jo Dee Messina,0.546571429,0.688761905,0.50752381,130.4498571,-6.988190476000001,1,0,0.244914286,3.68e-06,0.197742857,0.041990476,224139.0,49.38095238,21
192,162487,Dixie Chicks,0.5882549020000001,0.54977451,0.493039216,129.31784309999998,-7.2380588239999994,1,2,0.346602941,0.0007663969999999999,0.20022549,0.035772549,243739.0392,49.37254902,102
193,251206,Julie Roberts,0.6815,0.413,0.22399999999999998,130.0975,-8.6545,1,11,0.20199999999999999,0.0,0.11185,0.03155,239266.5,43.0,4
194,686560,Wynonna,0.6577,0.6076,0.6037,120.8396,-7.8434,1,11,0.43091599999999997,0.00036864300000000004,0.14931,0.0346,231696.0,40.6,20
195,106514,Boots Randolph,0.5660000000000001,0.6941666670000001,0.751833333,125.82216670000001,-10.2105,1,7,0.608,0.8775,0.08745,0.040183332999999995,154771.3333,17.16666667,12
196,392925,Zac Brown,0.5122,0.731,0.5328,133.9582,-5.8614,1,7,0.1676,1.4499999999999998e-05,0.2826,0.07257999999999999,294390.4,56.6,5
197,2702854,Scotty McCreery,0.5545555560000001,0.713333333,0.467,130.2272222,-5.977,1,10,0.203866667,1.09e-05,0.132644444,0.038922222,221783.6667,56.77777778,18
198,934069,Brenda Lee,0.5615652170000001,0.361913043,0.565695652,110.0129565,-9.488521739,1,8,0.675,0.000347152,0.195317391,0.045002174000000006,161988.9565,27.08695652,92
199,337271,Jessi Colter,0.612941176,0.40547058799999997,0.588588235,113.09382350000001,-11.47005882,1,10,0.466564706,0.004403934,0.193670588,0.035341176,177508.9412,27.76470588,34
200,749175,Skeeter Davis,0.502909091,0.281636364,0.614454545,97.59709091,-12.99009091,1,2,0.8059999999999999,0.001435125,0.20319090899999998,0.027836364,146136.9091,31.90909091,11
201,804289,Lynn Anderson,0.56725,0.43875,0.84175,124.21725,-12.152999999999999,1,0,0.2638,0.0,0.12465,0.030725,169923.5,41.5,8
202,37026,The Bellamy Brothers,0.66035,0.5205,0.76685,118.1202,-14.0129,1,7,0.08113200000000001,4e-05,0.12119500000000001,0.03481,215674.65,37.4,40
203,165818,Charley Pride,0.6046956520000001,0.493043478,0.7717826090000001,119.2963043,-11.29704348,1,4,0.655347826,0.001100609,0.21208260899999998,0.03306087,155994.1739,37.26086957,46
204,196248,Don Williams,0.6398433729999999,0.297,0.590228916,116.7208916,-17.80268675,1,7,0.6497590360000001,0.046986222,0.110840964,0.034159036000000004,190578.1325,37.19277108,83
205,300749,Sammy Kershaw,0.640733333,0.6276,0.687,130.8782,-9.1492,1,10,0.257526667,3.24e-06,0.102113333,0.030513332999999997,205544.3333,44.66666667,30
206,185615,Gary Stewart,0.661230769,0.423384615,0.602769231,105.9262308,-12.01638462,1,2,0.445853846,0.000877162,0.181461538,0.029415385,177757.9231,32.15384615,26
207,277764,Josh Turner,0.57452,0.72992,0.6342,131.107,-6.34316,1,6,0.287128,0.004818416,0.111424,0.042464,212011.72,55.76,25
208,385879,Radney Foster,0.6123333329999999,0.7483333329999999,0.693333333,128.033,-7.842333332999999,1,7,0.1397,8.5e-07,0.1497,0.0331,216786.6667,42.66666667,6
209,399659,The Mavericks,0.65895,0.60435,0.78465,121.65425,-9.67175,1,7,0.26321100000000003,0.001150994,0.21729,0.029495,222779.3,39.45,20
210,453908,Red Simpson,0.6868888890000001,0.623444444,0.8746666670000001,106.5421111,-8.808,1,0,0.711666667,4.34e-05,0.205777778,0.042677778,156601.4444,21.44444444,18
211,631078,David Ball,0.7052,0.545,0.6234,104.3244,-9.9164,1,0,0.23484000000000002,3.48e-05,0.16866,0.03474,199138.6,45.8,10
212,792370,Clint Black,0.626958904,0.536890411,0.562547945,117.2245342,-10.077013699999998,1,9,0.319684932,0.0004956369999999999,0.225569863,0.032824658,204850.3425,38.05479452,73
213,842269,Vern Gosdin,0.644611111,0.35572222200000003,0.500611111,107.46233329999998,-14.15905556,1,2,0.540444444,0.00033684199999999996,0.136316667,0.029355556,195165.9444,34.83333333,36
214,471156,Mickey Gilley,0.59245,0.44135,0.48995,110.1137,-11.39025,1,0,0.584225,0.023954881,0.19562000000000002,0.040035,184995.0,26.95,40
215,1002889,Crystal Shawanda,0.391,0.408,0.273,69.399,-7.0,1,7,0.594,0.0,0.309,0.0317,214080.0,45.0,2
216,764890,Ian Tyson,0.6745,0.4115,0.67175,121.43875,-14.22325,1,9,0.273,9.68e-05,0.15475,0.03585,235333.25,28.5,8
217,858710,Marty Robbins,0.578661922,0.33930177899999997,0.547684698,114.5748007,-11.80440569,1,4,0.79980427,0.008368442,0.183820641,0.040553025,180774.1922,25.2455516,281
218,669057,Dan Tyminski,0.578333333,0.41666666700000005,0.63,113.13433329999998,-11.07533333,1,5,0.524333333,0.0020425,0.107833333,0.028766667000000003,226537.6667,55.33333333,6
219,836017,Scott Nygaard,0.43799999999999994,0.584,0.8270000000000001,133.091,-12.989,1,7,0.7859999999999999,0.9620000000000001,0.11599999999999999,0.0323,212733.0,26.0,2
220,142050,Carlene Carter,0.6225,0.9265,0.847,158.7235,-5.2165,1,7,0.3995,1.78e-06,0.09685,0.03705,208453.0,46.5,4
221,163198,Carl Smith,0.720666667,0.437333333,0.949333333,102.4993333,-11.25766667,1,8,0.671333333,0.0,0.0808,0.0417,130102.0,26.33333333,3
222,243418,Wayne Hancock,0.603,0.293,0.556,135.16899999999998,-12.984000000000002,1,4,0.618,1.18e-06,0.109,0.0312,222467.0,43.0,2
223,251375,Johnny Paycheck,0.6633043479999999,0.44162318799999994,0.6575942029999999,118.2441739,-12.9945942,1,7,0.455344928,0.010692726999999999,0.175834783,0.045607246,186968.4638,31.94202899,69
224,334740,Ronnie Milsap,0.577818182,0.44115584399999996,0.516961039,117.4748831,-11.24809091,1,7,0.412441558,0.001166548,0.157644156,0.030197402999999998,213880.3247,34.84415584,77
225,46626,Beth Nielsen Chapman,0.465,0.39,0.126,138.221,-8.317,1,2,0.684,0.0,0.0944,0.0265,256733.0,39.0,2
226,3455945,Jillian Jacqueline,0.547,0.672,0.28300000000000003,155.791,-5.023,1,11,0.304,0.0,0.0996,0.0496,213133.0,58.0,1
227,3381566,Sarah Ross,0.721,0.9440000000000001,0.626,85.00200000000001,-5.982,1,8,0.013000000000000001,0.0,0.32,0.159,262760.0,52.0,1
228,237517,Lee Hazlewood,0.458742424,0.480393939,0.520887879,129.851303,-11.05668182,1,9,0.522742424,0.06889087099999999,0.16890303,0.040242424,200015.0758,29.90909091,66
229,44751,Steve Wariner,0.658354839,0.371193548,0.592806452,109.72045159999999,-14.261,1,1,0.297903226,2.2800000000000002e-05,0.107893548,0.029141935,215863.5806,32.77419355,31
230,214162,Vince Gill,0.557340909,0.47631818200000003,0.446863636,118.3655227,-10.92127273,1,2,0.47172727299999995,0.00048038599999999996,0.250611364,0.032593182000000005,230509.0455,46.93181818,44
231,789721,Earl Thomas Conley,0.6653770489999999,0.43342623,0.516557377,113.58077050000001,-12.42862295,1,7,0.42335541,0.000500938,0.16692623,0.028727869,210599.1311,30.45901639,61
232,794846,Eddie Rabbitt,0.641295455,0.495136364,0.649931818,114.7982045,-11.29534091,1,7,0.23361818199999998,0.001543965,0.11793181800000001,0.034256818,212212.9318,34.97727273,44
233,72716,The Kentucky Headhunters,0.581,0.693125,0.808625,134.829375,-11.00275,1,9,0.21811125,0.0040298370000000005,0.1674875,0.0328,208803.25,42.0,16
234,807489,Charlie Louvin,0.6295,0.501,0.7335,126.882,-9.882,1,7,0.7195,0.0,0.19005,0.05465,149373.5,23.5,4
235,179730,Charlie Rich,0.484541667,0.397791667,0.504708333,107.10504170000002,-11.95829167,1,2,0.747416667,0.013698683,0.1226375,0.032070833,173424.1667,34.83333333,48
236,334644,Jerry Reed,0.6327093020000001,0.6529488370000001,0.750534884,111.06876740000001,-11.32889535,1,7,0.556802326,0.202136615,0.208539535,0.10352558099999999,159110.5581,33.10465116,86
237,3347207,Luke Kaufman,0.519,0.955,0.621,174.59,-2.949,1,7,0.00473,5.18e-06,0.366,0.129,155376.0,46.0,2
238,248920,Sara Evans,0.5625,0.647833333,0.42016666700000005,133.636,-6.4313333329999995,1,8,0.145356667,0.0027950270000000003,0.142183333,0.0341,268246.6667,52.33333333,12
239,131178,James Burton,0.39299999999999996,0.727,0.257,148.65,-6.266,1,9,0.17300000000000001,0.705,0.175,0.0347,214400.0,28.0,2
240,186125,Mac McAnally,0.5865,0.4925,0.4035,73.7565,-8.892999999999999,1,6,0.3165,0.0,0.1665,0.03345,196493.0,36.5,4
241,387352,Norman Blake,0.524285714,0.354857143,0.756857143,109.47428570000001,-14.412,1,6,0.8362857140000001,0.276277143,0.171042857,0.034,197430.5714,33.0,14
242,578031,The Statler Brothers,0.631702703,0.44594594600000004,0.733581081,109.7152027,-12.03354054,1,8,0.606905405,0.000399616,0.23210270300000002,0.059437838,162876.8108,29.16216216,74
243,106916,Chris Cagle,0.541785714,0.702571429,0.549785714,142.1819286,-6.242999999999999,1,6,0.23633571399999997,1.87e-07,0.156821429,0.037378571,245327.5,46.0,28
244,107466,Chris LeDoux,0.614146341,0.485,0.659121951,114.2009634,-12.43737805,1,0,0.336889512,0.000265853,0.166673171,0.050729268,195482.7195,31.64634146,82
245,1449541,Jerrod Niemann,0.7066363640000001,0.6987272729999999,0.645272727,121.0477273,-6.493181817999999,1,9,0.34255909100000004,1.91e-05,0.23718181800000002,0.059227273,199459.1818,52.18181818,11
246,407300,Mel Tillis,0.65,0.430333333,0.713666667,117.52133329999998,-13.017000000000001,1,7,0.515333333,0.000507333,0.12846666699999998,0.031933333,178164.6667,32.66666667,6
247,503242,Miranda Lambert,0.529267606,0.697760563,0.488464789,130.6246056,-5.489422535,1,0,0.190450704,0.0008151339999999999,0.171849296,0.038907042,219751.1549,52.74647887,71
248,732652,Kellie Pickler,0.577833333,0.7536666670000001,0.391166667,128.4153333,-4.9895,1,9,0.23276666699999998,0.0,0.08816666699999999,0.042816667,247464.5,46.66666667,12
249,12180,Trace Adkins,0.564018868,0.7688490570000001,0.582528302,119.00635849999999,-5.652811321000001,1,7,0.156672075,0.005547624,0.198683019,0.042571698,229296.3396,50.24528302,53
250,1009342,Jake Owen,0.55818,0.78842,0.5623199999999999,124.42263999999999,-4.64396,1,7,0.21125839999999999,0.00024473400000000003,0.202796,0.042242,199584.06,54.64,50
251,1028746,Colt Ford,0.630060606,0.7057575759999999,0.630242424,130.46912120000002,-6.564969697,1,7,0.151553333,1.54e-06,0.157860606,0.08400606099999999,229733.6364,52.06060606,33
252,99753,Connie Smith,0.509571429,0.377761905,0.63652381,111.4254762,-10.06261905,1,9,0.677761905,6.14e-05,0.12493333300000001,0.030380952000000003,146906.5238,27.0,21
253,232701,Jeannie C. Riley,0.7959999999999999,0.502,0.9405,121.9665,-12.107000000000001,1,4,0.601,0.0,0.08295,0.04335,194457.5,51.5,4
254,780451,Conway Twitty,0.578134921,0.36414285700000004,0.5974714289999999,104.1181905,-13.947000000000001,1,9,0.558188889,0.008698944,0.158859524,0.044812698,178023.9048,32.1031746,126
255,207127,Ricky Van Shelton,0.598441176,0.44679411799999996,0.538323529,110.8943824,-10.74541176,1,7,0.48635294100000004,0.000216246,0.161102941,0.028905882,193031.8235,29.44117647,68
256,637150,David Frizzell,0.624,0.4376,0.733,116.8844,-12.4524,1,7,0.4288,0.0,0.2668,0.13699999999999998,232317.0,50.2,5
257,2674420,Sam Hunt,0.606166667,0.655791667,0.571291667,115.12533329999998,-6.031375,1,9,0.28125791699999997,0.0,0.21128333300000002,0.055525,207118.1667,64.25,48
258,3288126,Chase Bryant,0.566333333,0.736,0.54,118.64633329999998,-5.126666667,1,1,0.091266667,0.0,0.078633333,0.045233333,222311.0,51.66666667,6
259,124825,Cory Morrow,0.601166667,0.744833333,0.638,115.53366670000001,-4.795833333,1,7,0.17119183300000002,0.00033571699999999997,0.139316667,0.0318,243332.6667,36.16666667,12
260,2003453,Josh Abbott Band,0.532222222,0.664555556,0.41811111100000004,133.12333329999998,-5.9584444439999995,1,2,0.227588889,1.85e-06,0.14222222199999998,0.034466667,227045.5556,51.44444444,9
261,130037,Cross Canadian Ragweed,0.498307692,0.7168461540000001,0.528461538,112.214,-7.127923077,1,7,0.251799231,0.00048447599999999996,0.32629230800000003,0.052569230999999994,269192.0,44.61538462,26
262,750131,Terri Clark,0.627375,0.75975,0.669,123.01025,-5.7995,1,10,0.1511375,0.0,0.1617,0.0341,198073.25,40.875,16
263,939033,Sunny Sweeney,0.547,0.805,0.557,110.027,-4.34,1,8,0.0393,1.75e-05,0.332,0.0293,215333.0,43.0,2
264,347741,Rebecca Lynn Howard,0.612,0.461,0.23199999999999998,134.281,-5.6979999999999995,1,7,0.0441,0.0,0.10300000000000001,0.0317,238573.0,36.0,2
265,676818,Darryl Worley,0.545333333,0.6365,0.39433333299999995,125.9455,-7.024166667,1,7,0.09605,2.01e-05,0.107266667,0.03125,257952.1667,45.16666667,12
266,837946,Juice Newton,0.47266666700000004,0.484833333,0.5775,131.2954167,-11.15716667,1,7,0.36493333299999997,0.00215936,0.138508333,0.03355,227917.75,39.75,24
267,36312,Shooter Jennings,0.40666666700000004,0.7413333329999999,0.599,132.62166670000002,-6.527333333,1,0,0.003556667,0.07200000000000001,0.315,0.035366667000000004,349057.6667,54.0,3
268,593129,Tim O'Brien,0.48666666700000005,0.648666667,0.794,173.253,-8.915333333,1,7,0.568,1.49e-05,0.34866666700000004,0.210133333,218333.6667,46.33333333,3
269,220946,David Houston,0.282,0.284,0.3435,106.9425,-13.5495,1,8,0.879,5e-06,0.12300000000000001,0.0357,175200.0,34.5,4
270,185669,Mac Davis,0.5479999999999999,0.431444444,0.7361111109999999,97.18966667,-15.11355556,1,2,0.26541111100000003,0.000306936,0.166533333,0.058366667000000004,212006.0,32.55555556,18
271,9437,SHeDAISY,0.4844,0.6592,0.5324,134.7296,-5.8116,1,10,0.218,0.0,0.10455999999999999,0.0384,215629.2,37.6,10
272,2701931,Jana Kramer,0.484,0.672666667,0.379666667,153.767,-4.178666667,1,0,0.19543333300000001,5e-06,0.193333333,0.037066667000000005,212764.3333,51.0,6
273,202033,Tony Trischka,0.392,0.9420000000000001,0.5820000000000001,174.31099999999998,-8.62,1,9,0.158,4.48e-05,0.802,0.5589999999999999,221827.0,51.0,1
274,1973181,William Michael Morgan,0.512,0.545,0.34600000000000003,83.94,-10.154,1,2,0.111,0.0017699999999999999,0.135,0.0294,201533.0,54.0,2
275,2564904,Canaan Smith,0.5589999999999999,0.7659999999999999,0.723,145.26,-5.056,1,11,0.0107,6.979999999999999e-05,0.19399999999999998,0.0295,203053.0,63.0,2
276,554804,The Wreckers,0.5135,0.6995,0.498,164.104,-5.3025,1,6,0.0377,0.0,0.05645,0.0273,210883.0,49.5,4
277,267435,Di脙鲁medes D脙颅az,0.634875,0.5575,0.88475,151.180625,-8.741,1,7,0.404625,0.0,0.0862,0.1114375,286130.125,46.625,8
278,286530,Jessica Andrews,0.46299999999999997,0.674,0.259,84.039,-5.422000000000001,1,7,0.0115,0.0,0.12300000000000001,0.0319,255234.0,55.0,2
279,352999,K.T. Oslin,0.631555556,0.34266666700000004,0.49522222200000005,104.90522220000001,-12.22433333,1,0,0.348777778,0.001840831,0.115566667,0.032022222,244395.4444,32.77777778,18
280,368112,Martina McBride,0.5293870970000001,0.543193548,0.407741935,119.9396452,-7.354290323,1,1,0.43107096799999994,1.6800000000000002e-05,0.232432258,0.033480645,233146.1935,49.32258065,31
281,770853,The Kendalls,0.586,0.6325,0.8835,153.519,-7.2295,1,6,0.7335,0.0,0.0674,0.03185,149560.0,40.5,4
282,184814,Don Gibson,0.5851666670000001,0.37858333299999997,0.6719166670000001,106.75366670000001,-13.0455,1,9,0.756916667,0.037207917,0.183858333,0.035558333,153831.25,27.16666667,24
283,129945,Larry Gatlin,0.512,0.425,0.501,102.141,-9.2245,1,2,0.732,0.0,0.1935,0.0478,159200.0,26.5,2
284,896041,Mike Reid,0.57,0.682,0.915,154.293,-12.550999999999998,1,4,0.609,1.04e-06,0.205,0.0294,190467.0,31.0,2
285,190632,Dottie West,0.506133333,0.42566666700000005,0.551653333,106.45306670000001,-12.54846667,1,4,0.403413333,0.00010692299999999999,0.17187333300000002,0.09628666699999999,168092.8,33.93333333,15
286,23411,Shelly West,0.6005,0.46,0.6075,106.1975,-11.003,1,7,0.4135,0.0,0.1475,0.05345,183853.5,52.0,4
287,868456,Melba Montgomery,0.60025,0.344,0.563,122.81299999999999,-9.2435,1,7,0.59225,2.65e-06,0.1864,0.029025,142336.75,30.5,8
288,163577,Doug Kershaw,0.621,0.682,0.611,96.90333333,-6.236333332999999,1,2,0.273,0.0,0.531,0.0314,172195.6667,31.33333333,3
289,358528,Rick Trevino,0.6045,0.63725,0.563,131.2,-8.22475,1,7,0.12765,4.55e-05,0.21600000000000003,0.02915,196129.75,37.0,8
290,3567510,Midland,0.637714286,0.778428571,0.743,116.56657140000002,-5.5998571429999995,1,4,0.126528571,9.77e-06,0.297142857,0.031542857,199637.7143,61.42857143,14
291,201716,Ty Herndon,0.6024,0.6409999999999999,0.5186,126.4952,-7.2426,1,7,0.25256,0.0,0.1674,0.02808,223712.2,40.4,10
292,350585,Pirates of the Mississippi,0.375,0.243,0.42100000000000004,201.71200000000002,-17.187,1,4,0.609,0.0,0.12300000000000001,0.0341,241867.0,48.0,2
293,153519,Earl Scruggs,0.56285,0.37285999999999997,0.71245,122.34926000000002,-12.03174,1,5,0.652832,0.052018447999999995,0.23727199999999998,0.039225,153582.88,10.38,100
294,221603,John Hartford,0.5464137929999999,0.361158621,0.626,121.7494483,-15.16624138,1,7,0.707275862,0.11739362099999999,0.174541379,0.07867241400000001,178876.3448,27.75862069,58
295,81561,Keith Whitley,0.66375,0.3632,0.454075,109.884725,-13.3644625,1,4,0.5652524999999999,0.017108902,0.136685,0.03059,208281.9,36.3,80
296,383853,Neal McCoy,0.6852,0.7752,0.8152,126.3676,-6.8338,1,4,0.17092000000000002,1.11e-05,0.1582,0.0366,197021.4,51.2,10
297,749273,Paul Overstreet,0.6142,0.5008,0.66,121.7922,-13.8342,1,8,0.299896,0.004882,0.09336,0.034260000000000006,213781.6,35.2,10
298,1599476,Easton Corbin,0.62575,0.65875,0.484825,134.208625,-6.212375,1,5,0.1587,1.83e-06,0.1606125,0.0315125,201838.5,54.625,16
299,3513172,Buddy Brown,0.523,0.722,0.501,160.066,-6.205,1,7,0.0507,0.0,0.0884,0.0544,189747.0,56.0,2
300,144349,Ed Bruce,0.552,0.415,0.701,78.012,-12.569,1,9,0.616,0.008790000000000001,0.34299999999999997,0.0297,191360.0,37.0,2
301,956675,Darius Rucker,0.5789629629999999,0.733074074,0.589444444,128.45896299999998,-5.755851852,1,9,0.15560222199999998,0.0,0.17762963,0.035822222,218339.7407,57.55555556,27
302,796741,Eddy Arnold,0.45956,0.24184,0.4636,111.46956000000002,-13.69452,1,9,0.8665200000000001,0.000282618,0.147124,0.030624000000000002,154832.04,24.4,50
303,14651,Patsy Cline,0.506728682,0.19601782899999998,0.5310310079999999,111.412062,-15.83851938,1,7,0.8599147290000001,3.43e-05,0.197673643,0.036745736,157555.5116,30.15503876,129
304,198783,Johnny Horton,0.622935484,0.467596774,0.7648548390000001,116.98498390000002,-13.03329032,1,4,0.667887097,2.02e-05,0.209603226,0.05225,150689.6774,26.74193548,124
305,253296,Leroy Van Dyke,0.601333333,0.535666667,0.961,134.9486667,-10.87433333,1,10,0.6166666670000001,5.720000000000001e-05,0.21633333300000002,0.037666667,149767.3333,40.33333333,6
306,650525,George Morgan,0.5242,0.2066,0.3952,96.6168,-13.3306,1,0,0.8618,8.94e-06,0.15406,0.03366,142266.6,17.6,5
307,117844,"Hank Williams, Jr.",0.61872119,0.5316,0.650446097,116.38724540000001,-11.89030483,1,2,0.23515754600000002,0.00091504,0.156217844,0.043622677,201087.342,35.99256506,269
308,147306,Eddy Raven,0.830333333,0.516333333,0.924666667,115.82966670000002,-12.96566667,1,9,0.1871,3.68e-06,0.065233333,0.035966667,172671.3333,33.66666667,6
309,763831,Bob Luman,0.639,0.555666667,0.748,113.35233329999998,-10.700999999999999,1,8,0.715,0.07933333299999999,0.354333333,0.045733333,171737.6667,34.33333333,6
310,82742,Iris DeMent,0.609363636,0.317781818,0.584363636,126.8036364,-10.84645455,1,0,0.606545455,0.000171108,0.149627273,0.033772727,197027.3636,41.81818182,22
311,200775,Ernest Tubb,0.710615385,0.403923077,0.785076923,125.256,-12.59992308,1,0,0.691384615,6.879999999999999e-05,0.1786,0.039930769,160582.0769,39.30769231,13
312,83106,Charlie Walker,0.5725,0.5755,0.93,168.84400000000002,-9.8695,1,5,0.6865,0.0,0.184,0.04125,144200.0,20.0,4
313,169536,Ferlin Husky,0.6015,0.419,0.7615,151.6155,-11.1395,1,4,0.6835,7.3e-06,0.1885,0.0383,146160.0,35.0,4
314,198901,Webb Pierce,0.590875,0.40875,0.781875,108.822875,-10.49625,1,4,0.781875,0.0023243870000000002,0.248525,0.0311375,140295.75,24.375,16
315,309839,Justin Tubb,0.7440000000000001,0.475,0.882,103.72,-13.161,1,0,0.9259999999999999,0.00011599999999999999,0.221,0.0445,125727.0,37.0,2
316,314346,Little Jimmy Dickens,0.615722222,0.473388889,0.822833333,140.80366669999998,-9.8215,1,4,0.7857222220000001,0.00021136,0.24256111100000002,0.058633332999999996,156227.3333,7.444444444,36
317,536035,Buddy Emmons,0.41366666700000004,0.304066667,0.47466666700000004,108.133,-16.074,0,7,0.684,0.4582,0.173466667,0.046833333,163240.0,15.0,6
318,549797,Hank Williams,0.598928177,0.27066961300000003,0.650917127,127.0412652,-12.62264641,1,4,0.84410221,0.000779645,0.17220055199999998,0.036300552,162464.44199999998,30.85635359,181
319,662800,Hank Snow,0.573133333,0.45406666700000003,0.703533333,115.59553329999999,-11.99386667,1,9,0.7585333329999999,0.127008456,0.186433333,0.03536,152554.9333,20.93333333,30
320,516706,Tommy Collins,0.615,0.653,0.961,112.899,-9.015,1,2,0.626,0.0,0.363,0.0323,119267.0,21.0,2
321,791480,Exile,0.7401,0.4822,0.7723,123.8727,-13.1933,1,0,0.20711,0.000145779,0.158,0.061579999999999996,219761.5,39.4,20
322,279308,Lila McCann,0.6315,0.85,0.562,107.4065,-5.9435,1,7,0.06235,0.0,0.2205,0.02855,248580.0,38.5,4
323,11242,Sheb Wooley,0.643,0.617,0.8809999999999999,157.748,-5.006,1,9,0.823,0.0,0.33,0.0801,137960.0,39.0,2
324,348884,Ray Stevens,0.5808,0.5561,0.7198,119.3696,-12.7507,1,0,0.4048,9.95e-05,0.48205,0.11417999999999999,207698.5,32.4,20
325,327130,Jerry Douglas,0.47244444399999996,0.526333333,0.787333333,126.8732222,-14.62766667,1,9,0.434555556,0.528661578,0.20268888899999998,0.033022222000000004,238555.3333,30.11111111,9
326,397156,Randy Scruggs,0.9059999999999999,0.6,0.9570000000000001,92.98700000000001,-4.966,0,5,0.157,0.0,0.069,0.0893,194212.0,35.0,2
327,788568,The Dillards,0.4345,0.659833333,0.8427916670000001,139.61975,-12.49845833,1,9,0.34571666700000003,0.332214817,0.43842083299999995,0.0857,154421.5833,20.625,48
328,801762,Floyd Cramer,0.45777272700000005,0.32490909100000004,0.589136364,114.8581364,-13.37886364,1,0,0.6792363640000001,0.501584091,0.18457727300000001,0.0312,144468.5455,21.22727273,44
329,340527,Raul Malo,0.6629999999999999,0.40700000000000003,0.62,103.291,-12.064,1,7,0.517,5.82e-06,0.151,0.0253,181667.0,35.0,1
330,156950,Chad Brock,0.6829999999999999,0.632,0.5055,112.6445,-6.7855,1,7,0.01399,3.4200000000000005e-05,0.0814,0.0321,216280.0,39.0,4
331,2795282,Cole Swindell,0.5120434779999999,0.7494782609999999,0.459565217,116.69882609999999,-4.343782609,1,11,0.146237391,3.38e-06,0.1752,0.035956522000000005,197630.6522,60.69565217,23
332,803757,Gene Watson,0.572888889,0.365555556,0.626222222,125.40566670000001,-15.05611111,1,4,0.43222222200000004,0.000187778,0.161655556,0.030766667,185068.1111,30.44444444,18
333,1456229,Josh Ward,0.541666667,0.556,0.365,131.36566670000002,-6.920333332999999,1,3,0.1964,6.01e-06,0.163,0.030533333,245919.6667,47.66666667,6
334,2336424,Curtis Grimes,0.595,0.635,0.78,77.962,-6.247999999999999,1,1,0.217,0.0,0.195,0.0303,239373.0,48.0,2
335,3397785,Jon Langston,0.4715,0.7205,0.4755,124.57325,-4.80875,1,6,0.10019625,0.00014525,0.18525,0.04275,211940.0,58.75,8
336,662642,Hal Ketchum,0.56225,0.58525,0.75175,147.4395,-6.876,1,9,0.4655,1.18e-05,0.1489,0.02765,212710.25,44.25,8
337,189701,Jean Shepard,0.621,0.283666667,0.633,117.79533329999998,-10.168,1,0,0.780333333,3.929999999999999e-05,0.146333333,0.030333332999999997,148987.0,18.0,3
338,57923,Bill Anderson,0.7020000000000001,0.39799999999999996,0.7365,136.4075,-14.1885,1,5,0.2202,2.34e-05,0.19399999999999998,0.0511,189986.5,29.5,4
339,172770,Carl Butler,0.5255,0.2345,0.563,119.8925,-11.4485,1,7,0.882,8.7e-07,0.09735,0.03055,170827.0,32.0,4
340,523661,Stonewall Jackson,0.593952381,0.45966666700000003,0.7219523809999999,124.8931429,-10.17542857,1,4,0.612,2.05e-06,0.151909524,0.033428571000000004,154248.1429,21.57142857,42
341,1061504,Frankie Miller,0.673666667,0.379666667,0.655,113.325,-13.174000000000001,1,6,0.325333333,0.000177077,0.089033333,0.0331,195780.3333,37.33333333,6
342,1781875,Moe Bandy & Joe Stampley,0.559666667,0.5063333329999999,0.601666667,82.316,-11.267000000000001,1,1,0.677,6.11e-06,0.28300000000000003,0.040866667,170742.3333,26.66666667,6
343,632233,Eric Church,0.591390244,0.6734569109999999,0.627739837,113.52507320000001,-7.422138211,1,0,0.19364383699999999,0.005059664,0.181405691,0.039795122,223260.6585,54.11382114,123
344,3115003,The Cadillac Three,0.419,0.7440000000000001,0.332,136.77200000000002,-4.303999999999999,1,7,0.10800000000000001,0.0,0.168,0.0344,178587.0,51.0,2
345,579823,Holly Dunn,0.5870000000000001,0.376333333,0.6203333329999999,100.7026667,-9.664333333,1,2,0.376066667,4.0700000000000003e-07,0.129333333,0.029233332999999997,192235.6667,40.66666667,6
346,269390,Homer & Jethro,0.6415,0.4015,0.7455,125.085,-11.627,1,4,0.5795,4.13e-06,0.21855,0.09245,147987.0,20.0,4
347,222601,Hot Rize,0.591,0.381333333,0.763,143.85299999999998,-15.17,1,0,0.668666667,0.0005286000000000001,0.17306666699999998,0.036566667000000004,176484.3333,27.0,6
348,860996,Corb Lund,0.6898,0.6592,0.7788,121.2738,-9.5078,1,7,0.26364,0.000169042,0.29018,0.06216,229309.4,42.8,10
349,314576,Mary Gauthier,0.583,0.262,0.332,76.028,-11.139000000000001,1,9,0.8109999999999999,0.000563,0.0993,0.0281,350560.0,54.0,2
350,7031,Alison Krauss & Union Station,0.491875,0.3375,0.479125,153.110625,-11.837375,1,3,0.732375,0.023277983,0.1240875,0.0332875,218415.0,42.375,16
351,326096,Jerry Byrd,0.5662,0.26432,0.471466667,93.48299999999999,-15.00193333,1,10,0.849266667,0.41015740000000006,0.154746667,0.097733333,193488.0,21.13333333,15
352,134761,Pat Green,0.5536363639999999,0.766636364,0.592818182,139.3720909,-5.369363636,1,7,0.132345455,0.000189958,0.279454545,0.040536364,246226.5455,42.09090909,22
353,36849,Sonny James,0.47016666700000004,0.3665,0.4955,107.3075,-10.9675,1,10,0.7305,0.000125467,0.135833333,0.035933333,150322.3333,18.0,12
354,344332,Jim Ed Brown,0.506285714,0.39585714299999997,0.6735714290000001,109.1811429,-10.98814286,1,9,0.787,1.3000000000000001e-05,0.204342857,0.037114286,155714.2857,37.42857143,7
355,296402,Jimmy Bryant,0.7145,0.62575,0.83525,114.77875,-10.37675,1,7,0.43875,0.42575,0.1226,0.0351,125333.5,9.75,4
356,808003,Jamie O'Neal,0.489,0.7323333329999999,0.49200000000000005,175.2246667,-5.159666667,1,11,0.189033333,0.0,0.163533333,0.0619,213381.6667,42.0,6
357,787960,Joe Diffie,0.6476666670000001,0.6878333329999999,0.647166667,129.90429170000002,-7.914972222,1,7,0.29000388899999996,0.000187717,0.20783611100000002,0.036311111,217658.4861,40.93055556,72
358,141256,Joe Maphis,0.528125,0.85175,0.9655,137.9205,-7.23375,1,9,0.288625,0.86175,0.38225,0.0388625,143363.25,6.625,8
359,216586,John Conlee,0.6575,0.515125,0.544625,108.530875,-10.855125,1,7,0.436875,2.37e-06,0.27775,0.0433625,184460.0,40.875,16
360,89873,Chris Knight,0.5589999999999999,0.482875,0.403375,117.350875,-8.124875,1,7,0.2521375,8.47e-05,0.1542875,0.0292875,251260.0,42.375,16
361,199229,Johnny Bond,0.6206666670000001,0.329333333,0.6366666670000001,130.56166670000002,-11.692,1,3,0.7283333329999999,0.022109999999999998,0.12683333300000002,0.043233333,141680.0,32.33333333,6
362,454240,Red Sovine,0.5215,0.45625,0.64675,128.5245,-14.05625,1,1,0.76825,6.33e-07,0.124225,0.2515,239132.0,40.25,8
363,646260,C.W. McCall,0.605,0.575181818,0.734363636,120.42136359999999,-15.17954545,1,7,0.712818182,0.000681682,0.113209091,0.19531818199999998,195828.0,36.36363636,22
364,959490,Dave Dudley,0.625,0.582666667,0.899,111.146,-11.08866667,1,7,0.711,0.009859523,0.254333333,0.044233333,142653.3333,41.33333333,6
365,409985,The Peasall Sisters,0.735,0.521,0.946,113.545,-12.161,1,1,0.655,0.024,0.207,0.0317,96133.0,42.0,2
366,2948162,Dallas Smith,0.632,0.872,0.33899999999999997,119.969,-4.242,1,6,0.14,0.0,0.131,0.0638,203213.0,62.0,2
367,3462371,Luke Combs,0.540234043,0.711808511,0.545691489,127.6866064,-5.938957447000001,1,6,0.177352979,1.3300000000000001e-05,0.18817234,0.043234043,211615.6277,67.25531915,94
368,3067310,Upchurch,0.7196129029999999,0.65616129,0.334516129,134.4392258,-7.711935484,1,1,0.147022903,3.15e-05,0.24652258100000002,0.108509677,194022.871,59.67741935,31
369,193160,The Maddox Brothers & Rose,0.613,0.816,0.8640000000000001,126.611,-6.195,1,1,0.0512,1.3000000000000001e-05,0.172,0.0439,131773.0,3.0,2
370,296601,Lionel Cartwright,0.6920000000000001,0.425,0.513,120.51,-13.738,1,8,0.308,8.39e-06,0.078,0.0684,202133.0,26.0,2
371,293391,Mark O'Connor,0.433425,0.46185,0.680775,118.65375,-17.26875,1,4,0.475,0.262815,0.18345,0.041525,267246.75,27.25,4
372,2372262,The Band Perry,0.5868,0.6719,0.5436,133.5926,-5.1137,1,7,0.265425,1.54e-07,0.16774,0.03404,214637.3,47.8,20
373,770628,Billy Walker,0.582230769,0.267307692,0.6235384620000001,124.7545385,-15.30815385,1,1,0.865923077,0.000631439,0.159084615,0.042669230999999995,164807.1538,19.53846154,26
374,885875,Michael Martin Murphey,0.553052632,0.38178947399999996,0.422157895,96.77347368,-13.03515789,1,4,0.34272631600000003,0.001822053,0.140957895,0.031610526,237607.2632,38.15789474,19
375,240267,Johnny Lee,0.667846154,0.406384615,0.628153846,136.36330769999998,-14.23838462,1,2,0.39064615399999997,0.000228325,0.136176923,0.040869231,183095.3846,33.23076923,26
376,61912,Bill Evans,0.48423214299999995,0.22604196399999998,0.356796071,103.7140321,-17.88647857,1,0,0.879192857,0.63469645,0.1352225,0.0430875,310919.1286,25.90357143,280
377,337856,Mother Maybelle Carter,0.501625,0.38775,0.62825,115.755125,-11.639625,1,9,0.751625,8.88e-05,0.273625,0.029025,188900.125,19.0,16
378,579234,Rhiannon Giddens,0.384,0.366,0.19899999999999998,138.134,-10.65,1,7,0.371,9.17e-05,0.10099999999999999,0.0329,261370.0,59.0,1
379,2377304,Eric Paslay,0.540666667,0.686333333,0.544666667,95.53133333,-6.090333332999999,1,9,0.281333333,9.6e-05,0.147333333,0.041066667,218075.3333,56.33333333,6
380,821252,Dick Curless,0.7040000000000001,0.615,0.74,110.084,-9.638,1,0,0.79,0.0,0.235,0.0347,183027.0,33.0,2
381,950777,Hank Cochran,0.66,0.365,0.81,131.076,-12.401,1,7,0.8420000000000001,1.74e-05,0.053,0.0473,127320.0,23.0,2
382,414291,Ray Wylie Hubbard,0.593,0.6328,0.7174,100.74799999999999,-7.8064,1,9,0.3932,2.62e-06,0.3586,0.04678,337434.4,45.2,10
383,380704,Red Foley,0.741,0.394166667,0.715666667,114.38433329999998,-14.1305,1,2,0.663166667,0.0067831,0.136866667,0.042383332999999995,177304.5,36.66666667,6
384,97203,BlackHawk,0.706714286,0.532,0.628714286,110.5341429,-9.435857143,1,4,0.18031428600000002,8.76e-06,0.127385714,0.028914286,216590.5714,44.57142857,14
385,156749,Eric Heatherly,0.76,0.644,0.779,99.954,-8.971,1,1,0.07,1.91e-05,0.155,0.0431,209440.0,45.0,2
386,57577,Bleu Edmondson,0.5725,0.7090000000000001,0.5555,139.5555,-7.2165,1,4,0.10951500000000002,0.005232,0.1865,0.03365,276889.0,50.5,4
387,331400,Ronnie Dunn,0.5745,0.479,0.2335,119.238,-6.0735,1,10,0.6205,2.2800000000000002e-05,0.10145,0.0335,240160.0,46.0,4
388,7974,T. Graham Brown,0.71675,0.44125,0.648,98.34299999999999,-12.925999999999998,1,2,0.2,3.05e-05,0.13735,0.0308,185216.75,42.75,8
389,290414,Rose Maddox,0.6316666670000001,0.5579999999999999,0.773,124.49933329999999,-9.713666667,1,2,0.66,0.019007797,0.14173333300000002,0.076566667,156964.3333,16.0,6
390,848784,Roy Acuff,0.63225,0.2968125,0.6968333329999999,128.6778542,-12.21058333,1,9,0.9146875,0.070544136,0.21377291699999998,0.048816667,168553.5625,6.708333333,96
391,32193,Tex Williams,0.685428571,0.585,0.83,130.5481429,-9.213142857000001,1,8,0.694428571,1.34e-05,0.147557143,0.2235,158470.5714,16.85714286,14
392,683065,Wynn Stewart,0.36466666700000006,0.591,0.78,132.5426667,-9.943666667,1,5,0.794,0.00031902,0.1128,0.040133333,150640.3333,11.33333333,6
393,353145,Roy Rogers,0.44865,0.23493499999999998,0.4843,121.65745,-12.9999,1,5,0.82405,9.590000000000001e-05,0.134375,0.038025,147659.4,12.75,20
394,742166,Speedy West,0.5889411760000001,0.40852941200000004,0.563176471,102.2255882,-12.12782353,1,10,0.652411765,0.506358824,0.180211765,0.032917647,141800.1176,9.352941176,34
395,921289,Stuart Duncan,0.4318,0.6012,0.8186,129.6016,-14.2262,1,9,0.3888,0.9246,0.19735999999999998,0.033839999999999995,250653.2,29.0,5
396,630603,The Browns,0.455,0.327,0.324,106.303,-10.113,1,7,0.83,0.0,0.0997,0.0328,173840.0,38.0,1
397,207644,The Charlie Daniels Band,0.567914286,0.602019048,0.715914286,121.9593905,-11.84855238,1,9,0.249187238,0.041942678,0.185626667,0.044479048,239216.5429,32.91428571,105
398,75801,The Highwaymen,0.645612903,0.46283871,0.585548387,115.2038065,-13.25945161,1,2,0.45723225799999995,0.046282235,0.142406452,0.048570968,205453.2903,43.12903226,31
399,887348,The Oak Ridge Boys,0.618862745,0.45627451,0.7477647059999999,116.88484309999998,-15.67541176,1,2,0.24208094100000002,0.0043714109999999995,0.14872745099999998,0.042294118,182567.2745,34.25490196,51
400,820999,The Wilburn Brothers,0.561,0.268,0.613,115.20200000000001,-14.690999999999999,1,3,0.7405,1.3000000000000001e-05,0.13855,0.03465,158953.5,8.0,4
401,3486253,LANCO,0.665,0.7595,0.7145,136.4855,-7.456,1,7,0.2655,4.73e-05,0.0882,0.04285,226293.0,70.5,4
402,3539434,Colter Wall,0.552,0.286833333,0.48025,116.78841670000001,-13.2475,0,7,0.762166667,0.22109916699999999,0.101533333,0.049383333,205029.5833,59.41666667,12
